{"train/loss": 3.2126, "train/learning_rate": 0.0, "train/epoch": 1.0, "train/global_step": 73, "_timestamp": 1700585004.0759616, "_runtime": 376.637318611145, "_step": 74, "train/train_runtime": 346.9028, "train/train_samples_per_second": 6.682, "train/train_steps_per_second": 0.21, "train/total_flos": 1211349860352000.0, "train/train_loss": 3.33542156872684, "eval/loss": 3.127190113067627, "eval/accuracy": 0.41395812968393614, "eval/runtime": 30.4377, "eval/samples_per_second": 7.885, "eval/steps_per_second": 0.263, "_wandb": {"runtime": 375}}