{
    "epoch": 1.0,
    "eval_accuracy": 0.41395812968393614,
    "eval_loss": 3.127190113067627,
    "eval_runtime": 30.4377,
    "eval_samples": 240,
    "eval_samples_per_second": 7.885,
    "eval_steps_per_second": 0.263,
    "perplexity": 22.809796462062153
}